Majority Protein ID,Comparison 1: Group 1 Mean,Comparison 1: Group 2 Mean,Comparison 1: Group 1 v. Group 2 Log2 Fold Change,Comparison 1: Group 1 v. Group 2 P-value,Comparison 1: Group 1 v. Group 2 FDR-adj. P-value,Comparison 1: Group 1 Missing Values,Comparison 1: Group 2 Missing Values,Comparison 1: Group 1 Imputed Values,Comparison 1: Group 2 Imputed Values,Comparison 2: Group 1 Mean,Comparison 2: Group 2 Mean,Comparison 2: Group 1 v. Group 2 Log2 Fold Change,Comparison 2: Group 1 v. Group 2 P-value,Comparison 2: Group 1 v. Group 2 FDR-adj. P-value,Comparison 2: Group 1 Missing Values,Comparison 2: Group 2 Missing Values,Comparison 2: Group 1 Imputed Values,Comparison 2: Group 2 Imputed Values,Comparison 3: Group 1 Mean,Comparison 3: Group 2 Mean,Comparison 3: Group 1 v. Group 2 Log2 Fold Change,Comparison 3: Group 1 v. Group 2 P-value,Comparison 3: Group 1 v. Group 2 FDR-adj. P-value,Comparison 3: Group 1 Missing Values,Comparison 3: Group 2 Missing Values,Comparison 3: Group 1 Imputed Values,Comparison 3: Group 2 Imputed Values,Sample 01_WT,Sample 02_T1,Sample 03_T2,Sample 04_WT,Sample 05_T1,Sample 06_T2,Sample 07_WT,Sample 08_T1,Sample 09_T2,Sample 10_WT,Sample 11_T1,Sample 12_T2,Sample 13_WT,Sample 14_T1,Sample 15_T2
A2A432,28.241886473896262,28.350826364536186,-0.10893989063992393,0.282209512075778,0.7780711016328677,0 / 5,0 / 5,0 / 5,0 / 5,28.241886473896262,28.389310220306193,-0.14742374640993106,0.20805653590450582,0.991981568796983,0 / 5,0 / 5,0 / 5,0 / 5,28.241886473896262,28.370068292421188,-0.12818181852492572,0.1518756940467942,0.8121075939774349,0 / 5,0 / 10,0 / 5,0 / 10,28.38807212873655,28.188839587946877,28.42398124454216,28.396639959355273,28.296551883047417,28.177081627825707,28.163626847637993,28.294794282122034,28.32620797315655,28.254164446005397,28.521321872127412,28.358335466564657,28.00692898774607,28.452624197437196,28.660944789441892
A2A5R2,28.341163057734832,28.354178561409633,-0.013015503674800755,0.934085129665269,0.9742608341670009,0 / 5,0 / 5,0 / 5,0 / 5,28.341163057734832,28.363076246802642,-0.021913189067809924,0.8716631365023889,0.991981568796983,0 / 5,0 / 5,0 / 5,0 / 5,28.341163057734832,28.358627404106137,-0.01746434637130534,0.8781734725997995,0.8830864963133167,0 / 5,0 / 10,0 / 5,0 / 10,28.406111341349913,28.50523553130969,28.50203021185813,28.567282077952243,27.985949765094063,28.473175012372632,28.55378299501354,28.49332417457036,28.397017508650546,27.943847563146427,28.478683969391405,28.184090922030062,28.23479131121202,28.30769936668264,28.25906757910184
A2A690,27.327301781237942,27.45412350072612,-0.1268217194881771,0.49977566188187816,0.7780711016328677,0 / 5,0 / 5,0 / 5,0 / 5,27.327301781237942,27.336483990373853,-0.009182209135911279,0.9419854120608677,0.991981568796983,0 / 5,0 / 5,0 / 5,0 / 5,27.327301781237942,27.395303745549985,-0.06800196431204242,0.6111737562922964,0.8121075939774349,0 / 5,0 / 10,0 / 5,0 / 10,27.484516679242866,27.56658446592887,27.46427249554902,27.658867772902095,26.907976702873256,27.16299770791301,27.22610119408629,27.586508643370355,27.36236581195446,27.231455667255663,27.729147617772764,27.267135368917735,27.03556759270278,27.480400073685367,27.425648567535028
A2A699,26.938420330304627,27.10729698686264,-0.16887665655801243,0.5337431951844147,0.7780711016328677,0 / 5,0 / 5,0 / 5,0 / 5,26.938420330304627,26.972543935999017,-0.03412360569438988,0.859569437154265,0.991981568796983,0 / 5,0 / 5,0 / 5,0 / 5,26.938420330304627,27.039920461430825,-0.1015001311261976,0.6058702429513183,0.8121075939774349,0 / 5,0 / 10,0 / 5,0 / 10,27.143528035730597,27.323235106219983,27.002780562061368,27.147632718517983,26.28148020167337,26.639613121184073,27.031814703184494,27.30288757489256,26.87402699489987,27.053217632604813,27.336508128400578,27.15917250933939,26.31590856148525,27.2923739231267,27.18712649251037
A2A6T1,27.20277978367228,27.310652874768884,-0.1078730910966037,0.6572416273436528,0.7780711016328677,0 / 5,0 / 5,0 / 5,0 / 5,27.20277978367228,27.267776382930954,-0.06499659925867363,0.7733991994553793,0.991981568796983,0 / 5,0 / 5,0 / 5,0 / 5,27.20277978367228,27.28921462884992,-0.08643484517763866,0.6354691620822126,0.8145577371629492,0 / 5,0 / 10,0 / 5,0 / 10,27.364831125562745,27.489700119644606,27.32551377716616,27.330762983324213,26.782366541028765,26.86372023010409,27.38997034496671,27.22330536879539,27.39747137788012,27.45793597846717,27.490052654663884,27.194036991695302,26.47039848604059,27.567839689711768,27.558139537809097
A2A8L1,27.345025445098372,27.516847638284254,-0.1718221931858821,0.43539595613877546,0.7780711016328677,0 / 5,0 / 5,0 / 5,0 / 5,27.345025445098372,27.33575155245605,0.009273892642323034,0.9679674942729307,0.991981568796983,0 / 5,0 / 5,0 / 5,0 / 5,27.345025445098372,27.426299595370146,-0.0812741502717742,0.6699446470241276,0.8187327607194271,0 / 5,0 / 10,0 / 5,0 / 10,27.631080736892073,27.685555590648462,27.388921418991096,27.70205888945101,27.190124087428767,27.12850661999858,27.397823795624777,27.77204735209118,26.82280812380105,26.98292058179973,27.79703758639705,27.7590049815494,27.011243221724257,27.13947357485579,27.579516617940115
A2A8L5,27.335834163623097,27.44357138657037,-0.1077372229472715,0.6699679941495069,0.7780711016328677,0 / 5,0 / 5,0 / 5,0 / 5,27.335834163623097,27.32403351780667,0.011800645816428812,0.9441437177111442,0.991981568796983,0 / 5,0 / 5,0 / 5,0 / 5,27.335834163623097,27.38380245218852,-0.047968288565421346,0.7938953501823585,0.8370418366053127,0 / 5,0 / 10,0 / 5,0 / 10,27.53961127816772,27.61635380718224,27.434039688143436,27.515995434400885,26.62895158581941,27.35423602402516,27.366233574901287,27.62381769507207,26.98203999874992,27.43887287169191,27.69489568486905,27.303734987238293,26.818457658953697,27.653838159909068,27.546116890876544
A2A8Z1,26.873290185459418,27.061485411282284,-0.18819522582286652,0.44725393871261954,0.7780711016328677,0 / 5,0 / 5,0 / 5,0 / 5,26.873290185459418,26.879198962462407,-0.005908777002989751,0.9736563448458915,0.991981568796983,0 / 5,0 / 5,0 / 5,0 / 5,26.873290185459418,26.970342186872347,-0.09705200141292991,0.6008828864326498,0.8121075939774349,0 / 5,0 / 10,0 / 5,0 / 10,27.06215265797753,27.37727228568872,26.933063018523008,26.97205259372333,26.32046212483778,26.475306625314843,26.90302487222464,27.08208224967941,26.94600441902212,27.0869753097398,27.308087136707627,26.92862103134476,26.342245493631765,27.219523259497883,27.112999718107293
A2A935,27.735324418473187,27.91581504164399,-0.18049062317080455,0.4304967730199032,0.7780711016328677,0 / 5,0 / 5,0 / 5,0 / 5,27.735324418473187,27.797649069420224,-0.062324650947036986,0.6869448299020331,0.991981568796983,0 / 5,0 / 5,0 / 5,0 / 5,27.735324418473187,27.85673205553211,-0.12140763705892255,0.45623019707620827,0.8121075939774349,0 / 5,0 / 10,0 / 5,0 / 10,27.792756700774476,28.042418397249843,27.851442891571743,27.933813866974138,27.225305823209197,27.557654723927836,28.043457532808812,28.13198891097663,27.942299289464376,27.603485717526095,28.04826227160781,27.71711750618353,27.3031082742824,28.13109980517648,27.919730935953663
A2AAE1,27.66181418336445,27.779021591073366,-0.1172074077089178,0.4190146887007731,0.7780711016328677,0 / 5,0 / 5,0 / 5,0 / 5,27.66181418336445,27.851909039410298,-0.19009485604584953,0.18064607249331596,0.991981568796983,0 / 5,0 / 5,0 / 5,0 / 5,27.66181418336445,27.81546531524183,-0.15365113187738189,0.242271809679751,0.8121075939774349,0 / 5,0 / 10,0 / 5,0 / 10,27.49728997834246,27.71302810250264,28.0762250812966,27.766537151476957,27.40132338750821,27.594569122756052,27.636332730500456,27.650426560583817,27.52858731178814,27.660564880128828,28.115488146208005,28.08126363416684,27.74834617637353,28.014841758564163,27.978900047043854
A2AB59,25.919712147710573,26.310143815481023,-0.39043166777045,0.5158493787542682,0.7780711016328677,0 / 5,0 / 5,0 / 5,0 / 5,25.919712147710573,26.141450930424515,-0.22173878271394187,0.6156074606112747,0.991981568796983,0 / 5,0 / 5,0 / 5,0 / 5,25.919712147710573,26.225797372952762,-0.30608522524218884,0.45643533298830496,0.8121075939774349,0 / 5,0 / 10,0 / 5,0 / 10,26.283891256798626,26.725047318829347,26.170826452952184,26.626333572513207,24.71575235348053,25.741488676236237,26.131211672558695,26.553949465229746,26.219765038775936,26.24941805050631,26.815974544715704,26.213336412516455,24.307706186176027,26.739995395149787,26.36183807164175
A2ADY9,28.151376426367342,28.271457726044808,-0.12008129967746584,0.6953239781260612,0.7842607660259062,0 / 5,0 / 5,0 / 5,0 / 5,28.151376426367342,28.156892132656782,-0.005515706289440203,0.9817549546856739,0.991981568796983,0 / 5,0 / 5,0 / 5,0 / 5,28.151376426367342,28.214174929350794,-0.06279850298345124,0.7775175289801699,0.8370418366053127,0 / 5,0 / 10,0 / 5,0 / 10,28.17362945678844,28.521501382789133,28.176025935024956,28.526933213048604,27.46266835612784,28.55501722031347,28.435610537442265,28.444437280165012,27.84602078984221,28.238442101340407,28.694971114523263,28.03128326961128,27.38226682321697,28.23371049661877,28.17611344849198
A2AF47,26.27430040018735,26.550202897237604,-0.2759024970502537,0.5699819442523554,0.7780711016328677,0 / 5,0 / 5,0 / 5,0 / 5,26.27430040018735,26.389388134885685,-0.115087734698335,0.7404072949394868,0.991981568796983,0 / 5,0 / 5,0 / 5,0 / 5,26.27430040018735,26.469795516061644,-0.19549511587429436,0.5606948488364663,0.8121075939774349,0 / 5,0 / 10,0 / 5,0 / 10,26.527241005823875,26.979392902240377,26.533705617986257,26.837000446831333,25.210924113315865,25.960726777081415,26.59470551252613,26.650854296439014,26.55920778156907,26.37004695344439,27.03784653086769,26.42043304352597,25.042508082311024,26.87199664332508,26.4728674542657
A2AG50,30.209777094102456,29.77461942153361,0.4351576725688453,0.05413374547963378,0.7780711016328677,0 / 5,0 / 5,0 / 5,0 / 5,30.209777094102456,30.18200893576246,0.027768158339995352,0.9050434231617677,0.991981568796983,0 / 5,0 / 5,0 / 5,0 / 5,30.209777094102456,29.978314178648038,0.23146291545441855,0.23081707396012613,0.8121075939774349,0 / 5,0 / 10,0 / 5,0 / 10,30.145433817962186,29.834253026966337,30.36637364184712,29.95414268486516,29.765271268718063,30.46482203673915,29.731941773675803,29.63338178358035,29.771545817149704,30.822940782316845,29.75263662218667,30.26607623501196,30.394426411692308,29.887554406216644,30.041226948064384
A2AGT5,30.04615534543085,30.137984890102235,-0.09182954467138416,0.4437381646423263,0.7780711016328677,0 / 5,0 / 5,0 / 5,0 / 5,30.04615534543085,30.216168954539587,-0.17001360910873586,0.16871243026710137,0.991981568796983,0 / 5,0 / 5,0 / 5,0 / 5,30.04615534543085,30.177076922320914,-0.13092157689006356,0.15451431502331836,0.8121075939774349,0 / 5,0 / 10,0 / 5,0 / 10,30.033053606061543,30.06732302359651,30.383160564682576,30.2901084911304,30.117761918245225,30.169043449359503,30.1670137178749,30.33252533524936,30.137778587312404,29.687955015809063,30.151677536873944,30.115588146545903,30.052645896278353,30.02063663654613,30.275274024797557
A2AHC3,26.06332332557953,26.4339544270862,-0.370631101506671,0.5214163392163489,0.7780711016328677,0 / 5,0 / 5,0 / 5,0 / 5,26.06332332557953,26.23799816888274,-0.1746748433032117,0.692720288270079,0.991981568796983,0 / 5,0 / 5,0 / 5,0 / 5,26.06332332557953,26.335976297984473,-0.2726529724049449,0.49783637708144524,0.8121075939774349,0 / 5,0 / 10,0 / 5,0 / 10,26.427588457414032,26.865781005080382,26.378646181391876,26.722753974933223,24.93503066160909,25.666594041785103,26.40766522619731,26.566981546066373,26.30704628558824,26.27252515837184,26.956500770303137,26.418037641255214,24.48608381098123,26.845478152372028,26.419666694393268
A2AI08,25.774424296997,26.305998808632904,-0.5315745116359025,0.5809966599726244,0.7780711016328677,0 / 5,0 / 5,0 / 5,0 / 5,25.774424296997,25.76676836051798,0.007655936479022074,0.992090148882595,0.992090148882595,0 / 5,0 / 5,0 / 5,0 / 5,25.774424296997,26.03638358457544,-0.26195928757843845,0.6960022983501954,0.8187327607194271,0 / 5,0 / 10,0 / 5,0 / 10,25.884894666026987,26.672281952075743,25.865756215815136,26.48238658066985,24.078792536936835,24.996117750902226,25.99141939106915,27.469321544582332,26.063355968130548,27.41195917639554,26.70884466924145,25.78404322317419,23.101461670823465,26.60075334032816,26.124568644567777
A2AIG8,26.993859160573795,26.99048498593058,0.003374174643216321,0.9916145911012015,0.9916145911012015,0 / 5,0 / 5,0 / 5,0 / 5,26.993859160573795,26.826494221720605,0.16736493885318993,0.4585673786531953,0.991981568796983,0 / 5,0 / 5,0 / 5,0 / 5,26.993859160573795,26.908489603825593,0.08536955674820135,0.724487028314137,0.8267675499584858,0 / 5,0 / 10,0 / 5,0 / 10,27.039542122281052,27.349886908911532,26.954298791471384,27.30296824369973,25.94332994527796,26.516345602830572,27.063440036666908,27.02839407858251,27.055340478035877,27.169793228306983,27.364380028196752,26.43985067923939,26.393552171914305,27.26643396868415,27.16663555702581
A2AIL4,25.981359913449108,26.477041116455894,-0.49568120300678586,0.3720025904978306,0.7780711016328677,0 / 5,0 / 5,0 / 5,0 / 5,25.981359913449108,26.080219605248722,-0.09885969179961407,0.8355560183627045,0.991981568796983,0 / 5,0 / 5,0 / 5,0 / 5,25.981359913449108,26.278630360852304,-0.2972704474031964,0.4679243173585823,0.8121075939774349,0 / 5,0 / 10,0 / 5,0 / 10,26.351635123320605,26.87060965221801,26.237387017161705,26.66952200674083,25.17294673734235,25.21998838974562,26.293501998822727,26.569026236283506,26.33951980758113,26.202268551131496,26.94180327005091,26.17994691197933,24.389871887229877,26.830819686384693,26.42425589977581
A2AJA9,26.282267317194083,26.57112121145393,-0.288853894259848,0.5727136511506823,0.7780711016328677,0 / 5,0 / 5,0 / 5,0 / 5,26.282267317194083,26.65288206532506,-0.3706147481309756,0.20768992008677511,0.991981568796983,0 / 5,0 / 5,0 / 5,0 / 5,26.282267317194083,26.612001638389494,-0.32973432119541,0.3453476245019028,0.8121075939774349,0 / 5,0 / 10,0 / 5,0 / 10,26.67140740859784,26.80239219347329,26.81365718072369,26.803224090536546,24.935255524880983,26.665853573886533,26.36518589358943,27.147843670920818,26.71391447230886,26.269514259175672,26.86282944236892,26.451641150231,25.302004934070933,27.10728522562564,26.6193439494752
A2AJB2,24.141988685395887,26.835010079437797,-2.69302139404191,0.2762872753132243,0.7780711016328677,0 / 5,0 / 5,0 / 5,0 / 5,24.141988685395887,26.810363573818073,-2.6683748884221856,0.28241971843735614,0.991981568796983,0 / 5,0 / 5,0 / 5,0 / 5,24.141988685395887,26.822686826627933,-2.680698141232046,0.11389242404814715,0.8121075939774349,0 / 5,0 / 10,0 / 5,0 / 10,25.890332699851108,27.561144173660427,27.388921418991096,26.431080103917928,27.198088535078313,27.270246885912897,27.42500551922939,26.20683399438269,25.998121046621925,25.923021323717713,26.666857593155452,27.372219607791955,15.0405037802633,26.542126100912096,26.022308909772494
A2AJI0,28.464872597987483,28.552097197189056,-0.08722459920157277,0.6377141519786851,0.7780711016328677,0 / 5,0 / 5,0 / 5,0 / 5,28.464872597987483,28.633137254230196,-0.16826465624271236,0.36353508372694077,0.991981568796983,0 / 5,0 / 5,0 / 5,0 / 5,28.464872597987483,28.592617225709624,-0.1277446277221408,0.38951434804713336,0.8121075939774349,0 / 5,0 / 10,0 / 5,0 / 10,28.827041802934367,28.64531669144043,28.69885808112373,28.59622465552184,28.168031931112523,28.8953075659701,28.17542997965754,28.77257450647971,28.23457854308536,28.604234881449347,28.416219418298773,28.72354458637176,28.12143167037433,28.75834343861384,28.61339749460002
A2AJL3,25.758258986546185,26.280145227579624,-0.5218862410334388,0.5322458644968875,0.7780711016328677,0 / 5,0 / 5,0 / 5,0 / 5,25.758258986546185,26.0522228271122,-0.29396384056601477,0.6725857071077948,0.991981568796983,0 / 5,0 / 5,0 / 5,0 / 5,25.758258986546185,26.166184027345913,-0.4079250407997286,0.47729545743867885,0.8121075939774349,0 / 5,0 / 10,0 / 5,0 / 10,26.178628567407884,26.783145504608136,25.979317651420303,26.72868181304152,24.451417641517963,25.54184516766565,26.49570906789042,26.43973525410044,26.379762844578405,26.195657429475805,27.017081184560126,25.911611080932666,23.192618054915297,26.70934655311146,26.448577390963983
A2AKG8,26.77270230340303,27.04030071895063,-0.26759841554759944,0.3496908914273664,0.7780711016328677,0 / 5,0 / 5,0 / 5,0 / 5,26.77270230340303,26.90723242307643,-0.1345301196733999,0.5242815636507671,0.991981568796983,0 / 5,0 / 5,0 / 5,0 / 5,26.77270230340303,26.973766571013535,-0.201064267610505,0.3364692772111463,0.8121075939774349,0 / 5,0 / 10,0 / 5,0 / 10,26.896686910798643,27.23519611216595,27.01024949181955,27.109792488841297,26.216931647670837,26.47584775292581,27.00991592533744,27.159564402954665,27.024127195433536,26.673482493100863,27.432763106502428,26.890756255917605,26.17363369893691,27.157048325459257,27.135181419285665
A2ALS5,30.0576292993876,29.988630631442078,0.06899866794552167,0.3761477482535388,0.7780711016328677,0 / 5,0 / 5,0 / 5,0 / 5,30.0576292993876,30.174855617246283,-0.11722631785868387,0.20925562000424203,0.991981568796983,0 / 5,0 / 5,0 / 5,0 / 5,30.0576292993876,30.08174312434418,-0.02411382495657932,0.7701154460549399,0.8370418366053127,0 / 5,0 / 10,0 / 5,0 / 10,30.067183357391787,29.955718150657468,30.145122009106807,30.09659956314077,29.983000334178456,30.066792591521168,29.851853546891437,29.832016497688254,30.055096675678023,30.17647721096185,30.040403068022655,30.18578200228981,30.096032818552153,30.13201510666357,30.421484807635608
A2ALU4,29.622805087947977,29.51531177117881,0.10749331676916896,0.38808731581888656,0.7780711016328677,0 / 5,0 / 5,0 / 5,0 / 5,29.622805087947977,29.68376187978682,-0.06095679183884428,0.6769902370434997,0.991981568796983,0 / 5,0 / 5,0 / 5,0 / 5,29.622805087947977,29.59953682548282,0.023268262465158784,0.8367771018731563,0.872767514856948,0 / 5,0 / 10,0 / 5,0 / 10,29.806897587225905,29.488774194525767,29.54912724105307,29.31596106306346,29.38725309781194,30.048460467881817,29.522369687817378,29.413998351777916,29.54883622707031,29.89577679120638,29.610128710738607,29.702529316415124,29.573020310426752,29.67640450103981,29.569856146513793
A2AMZ4,25.582159758837882,26.85683247799551,-1.2746727191576284,0.33134623509977423,0.7780711016328677,0 / 5,0 / 5,0 / 5,0 / 5,25.582159758837882,26.29198091312844,-0.7098211542905588,0.6023270101237557,0.991981568796983,0 / 5,0 / 5,0 / 5,0 / 5,25.582159758837882,26.574406695561983,-0.9922469367241007,0.29685134654294887,0.8121075939774349,0 / 5,0 / 10,0 / 5,0 / 10,27.406053383866304,26.63425827746349,27.388921418991096,27.518366104022252,27.198088535078313,24.86244115485608,26.025973779824454,26.224607372429222,26.052675563894073,26.050494136145332,26.68331185071325,25.722344595098196,20.909911390331075,27.543896354293295,27.433521832802768
A2AN08,29.163216639723508,29.16791308571547,-0.004696445991960729,0.9757618461122973,0.9916145911012015,0 / 5,0 / 5,0 / 5,0 / 5,29.163216639723508,29.445854767362096,-0.2826381276385881,0.10044685096334749,0.991981568796983,0 / 5,0 / 5,0 / 5,0 / 5,29.163216639723508,29.30688392653878,-0.14366728681527263,0.3035668372198252,0.8121075939774349,0 / 5,0 / 10,0 / 5,0 / 10,29.372596141830396,29.236593384522585,29.503889193884465,29.10186603996266,29.22993794096605,29.62354174902701,29.50974198755149,29.38870823395327,29.601199908915525,28.78153078867935,29.03558352330105,29.28062804739238,29.05034824059364,28.948742345834393,29.22001493759108
A2AP18,25.430667859342,26.22537101815185,-0.794703158809849,0.41157990781403175,0.7780711016328677,0 / 5,0 / 5,0 / 5,0 / 5,25.430667859342,25.808000564544216,-0.37733270520221396,0.6189001462091734,0.991981568796983,0 / 5,0 / 5,0 / 5,0 / 5,25.430667859342,26.01668579134803,-0.5860179320060297,0.3783287929555854,0.8121075939774349,0 / 5,0 / 10,0 / 5,0 / 10,25.97833274429058,26.673817665477472,25.89044975783389,26.48771635521381,24.06376567807786,25.12837070592122,26.09047328464718,26.24991018315272,26.057215929005803,25.97199535826748,27.57682778552633,25.86172050394659,22.624821554290968,26.562533778524863,26.102245926013577
A2APT9,25.203086013590013,26.12453570600163,-0.9214496924116169,0.40220540464110066,0.7780711016328677,0 / 5,0 / 5,0 / 5,0 / 5,25.203086013590013,26.01246309571568,-0.8093770821256676,0.4559694910201211,0.991981568796983,0 / 5,0 / 5,0 / 5,0 / 5,25.203086013590013,26.068499400858656,-0.8654133872686423,0.2771538797382926,0.8121075939774349,0 / 5,0 / 10,0 / 5,0 / 10,25.877663402606956,26.70714490660937,25.9628967216382,26.5280688786924,24.409063533239763,24.81202682086684,26.0820167548783,26.204929108367484,27.426930075609512,26.08060133786404,26.66656372367972,25.805461798303515,21.44707969390836,26.634977258111817,26.05500006216033
A2APV2,29.188405394890765,29.483778111211205,-0.2953727163204398,0.11180388470295144,0.7780711016328677,0 / 5,0 / 5,0 / 5,0 / 5,29.188405394890765,29.462893335409042,-0.2744879405182772,0.08996570239915942,0.991981568796983,0 / 5,0 / 5,0 / 5,0 / 5,29.188405394890765,29.473335723310118,-0.2849303284193532,0.06210117014407115,0.8121075939774349,0 / 5,0 / 10,0 / 5,0 / 10,29.45461355930781,29.70792793897743,29.563945238244013,29.227770657099786,29.10568003229268,29.679596437990337,29.074274055635733,29.88857259465316,29.01534363583124,29.14087120694208,29.2007590349136,29.65223993386001,29.044497495468416,29.515950955219147,29.40334143111959
A2APX8,28.697414567837313,28.230268778379553,0.46714578945776,0.4731254923711895,0.7780711016328677,0 / 5,0 / 5,0 / 5,0 / 5,28.697414567837313,29.416185627647046,-0.7187710598097325,0.4468608010408054,0.991981568796983,0 / 5,0 / 5,0 / 5,0 / 5,28.697414567837313,28.8232272030133,-0.1258126351759863,0.8552100008410184,0.8825039370380722,0 / 5,0 / 10,0 / 5,0 / 10,28.693240510185937,28.198332730568715,28.501005205541592,28.21312184056683,28.00374879639939,28.323463681841464,31.044089142513585,28.502420319295656,31.114050586071784,27.992200486223076,28.280019134120923,30.91613638349949,27.544420859697137,28.166822911513083,28.226272281280888
A2APY7,27.10238714980369,27.119734396427397,-0.017347246623707235,0.9305261560194573,0.9742608341670009,0 / 5,0 / 5,0 / 5,0 / 5,27.10238714980369,27.125156702491587,-0.022769552687897487,0.8541323181125221,0.991981568796983,0 / 5,0 / 5,0 / 5,0 / 5,27.10238714980369,27.122445549459492,-0.02005839965580236,0.8830864963133167,0.8830864963133167,0 / 5,0 / 10,0 / 5,0 / 10,27.240938632616608,27.370378900447136,27.17347223611388,27.33089117712984,26.564111392528417,27.122693530844064,27.118627721080525,26.98465242322754,27.22460073409116,27.14631657823961,27.319054158166654,26.986620513461094,26.675161639951867,27.36047510776724,27.118396497947735
A2AQ07,26.320848590399606,26.56432921820137,-0.2434806278017625,0.6432750099900859,0.7780711016328677,0 / 5,0 / 5,0 / 5,0 / 5,26.320848590399606,26.46781181789034,-0.14696322749073332,0.7103078002082367,0.991981568796983,0 / 5,0 / 5,0 / 5,0 / 5,26.320848590399606,26.516070518045854,-0.1952219276462479,0.6026713618127326,0.8121075939774349,0 / 5,0 / 10,0 / 5,0 / 10,26.369966453905615,26.93320444962271,26.36216597658608,26.792205266341952,25.139769127098912,25.93651167793581,26.521937200205556,26.501765376539954,27.056663954625016,26.89066813537645,27.30909390060645,26.401613276075512,25.02946589616845,26.937813237138823,26.58210420422928
A2AQ19,25.760134667244166,26.044715017234303,-0.2845803499901365,0.7729828289145085,0.8424644315135655,0 / 5,0 / 5,0 / 5,0 / 5,25.760134667244166,25.867929121938158,-0.10779445469399107,0.8954653315016199,0.991981568796983,0 / 5,0 / 5,0 / 5,0 / 5,25.760134667244166,25.95632206958623,-0.196187402342062,0.7694955649881658,0.8370418366053127,0 / 5,0 / 10,0 / 5,0 / 10,27.406053383866304,26.70314944750537,25.81560132749956,26.478131689114864,23.88960235507599,25.402484747939255,26.08493029486534,26.30154919203093,26.083383130903652,26.047730620502584,26.706549032819797,25.85990224474378,22.78382734787171,26.622725058739423,26.178274158604538
A2AQ25,27.459041300879086,27.471283550145053,-0.01224224926596662,0.9529674945085462,0.9833813507162658,0 / 5,0 / 5,0 / 5,0 / 5,27.459041300879086,27.309562082647993,0.14947921823109311,0.3355622253880251,0.991981568796983,0 / 5,0 / 5,0 / 5,0 / 5,27.459041300879086,27.390422816396523,0.06861848448256325,0.646607688263372,0.8145577371629492,0 / 5,0 / 10,0 / 5,0 / 10,27.364998059414138,27.60572709011188,27.382776882108463,27.585264417339133,26.90935087401854,27.39983955702359,27.371809957556373,27.54659098992294,27.11581135650537,27.89907240438484,27.517682364082287,27.32311079065349,27.074061665700953,27.777066432589606,27.32627182694908
A2ARP1,26.8168862002585,27.03933029526208,-0.22244409500357776,0.48542189917135525,0.7780711016328677,0 / 5,0 / 5,0 / 5,0 / 5,26.8168862002585,26.78587267248746,0.031013527771040827,0.8981766367899457,0.991981568796983,0 / 5,0 / 5,0 / 5,0 / 5,26.8168862002585,26.912601483874774,-0.09571528361627202,0.688039552164936,0.8187327607194271,0 / 5,0 / 10,0 / 5,0 / 10,26.83979680939293,27.276177150951053,27.05427918193331,27.21957387679355,26.114318142085615,26.301674586443756,26.986649341700332,27.28359848654123,26.800541945210824,26.960802262636314,27.364805804440778,26.794512756285993,26.077608710769372,27.157751892291703,26.97835489256341
A2ASQ1,27.70462267342137,27.809646806874827,-0.10502413345345829,0.5635515476992723,0.7780711016328677,0 / 5,0 / 5,0 / 5,0 / 5,27.70462267342137,27.99500224258687,-0.290379569165502,0.15149809934084985,0.991981568796983,0 / 5,0 / 5,0 / 5,0 / 5,27.70462267342137,27.902324524730847,-0.19770185130947837,0.19664029671012073,0.8121075939774349,0 / 5,0 / 10,0 / 5,0 / 10,28.024253382030683,28.038760648081603,28.204476652014694,27.65409421684579,27.55262322163658,28.013300496581465,28.028781191344383,27.978978648058913,28.208768632701673,27.587336494094675,27.75409020132217,27.903283127260732,27.228648082791317,27.723781315274856,27.64518230437578
A2ASZ8,29.240854671088933,29.56830389015417,-0.3274492190652367,0.05239595245485942,0.7780711016328677,0 / 5,0 / 5,0 / 5,0 / 5,29.240854671088933,29.39822975228832,-0.1573750811993868,0.22907757061929096,0.991981568796983,0 / 5,0 / 5,0 / 5,0 / 5,29.240854671088933,29.483266821221246,-0.24241215013231354,0.060293014871702896,0.8121075939774349,0 / 5,0 / 10,0 / 5,0 / 10,29.52018261320624,29.42477400359488,29.196643612740814,29.37620815920643,29.26229251636789,29.637756605878753,28.98080291787239,29.561840191285896,29.443422443164536,29.143087391816376,29.698970582930706,29.279765025717772,29.183992273343225,29.893642156591476,29.43356107393974
A2AWA9,27.989720675655963,28.121414354255972,-0.13169367860000847,0.2650330590587473,0.7780711016328677,0 / 5,0 / 5,0 / 5,0 / 5,27.989720675655963,27.984636015629793,0.005084660026170695,0.96938308421492,0.991981568796983,0 / 5,0 / 5,0 / 5,0 / 5,27.989720675655963,28.053025184942886,-0.06330450928692244,0.5964119124545566,0.8121075939774349,0 / 5,0 / 10,0 / 5,0 / 10,27.92968684455278,28.307542938902586,27.940219379988015,28.042019141447813,27.73972115768493,27.9506124677352,27.982529526298578,28.259267026045052,27.583418323051184,27.8917336095702,28.07361066694093,28.119908923850407,28.102634256410465,28.22692998170638,28.329020983524156
A2AWP8,26.00209529240957,26.409315913201635,-0.40722062079206367,0.40763564434095556,0.7780711016328677,0 / 5,0 / 5,0 / 5,0 / 5,26.00209529240957,26.158166876252466,-0.15607158384289477,0.6782560659430317,0.991981568796983,0 / 5,0 / 5,0 / 5,0 / 5,26.00209529240957,26.28374139472705,-0.28164610231747744,0.40419392416730027,0.8121075939774349,0 / 5,0 / 10,0 / 5,0 / 10,26.159296434281988,26.806564940141445,26.231594532863515,26.766529117853477,25.239284288949275,25.8977835071126,26.15946383695166,26.423781817666463,26.285689549351417,26.26581777050846,26.89305623652297,26.06101136675551,24.659369302452266,26.68389228272804,26.314755425179296
A2BDX3,27.5706674200272,27.685266100088246,-0.11459868006104657,0.667023369704576,0.7780711016328677,0 / 5,0 / 5,0 / 5,0 / 5,27.5706674200272,27.84727430453143,-0.27660688450423265,0.3631901608901718,0.991981568796983,0 / 5,0 / 5,0 / 5,0 / 5,27.5706674200272,27.766270202309833,-0.19560278228263428,0.4106696781854645,0.8121075939774349,0 / 5,0 / 10,0 / 5,0 / 10,26.853960465883052,27.4002351472999,27.02783738610312,27.760522054498136,27.47633123378919,28.26105844257871,27.750115024167325,27.9507282052395,27.890128354058035,27.958911490036943,28.22452181363275,28.00254684003799,27.529828065550557,27.374514100479896,28.054800499879285
A2BE28,25.42378801075459,26.11614666808282,-0.6923586573282314,0.5784386478973496,0.7780711016328677,0 / 5,0 / 5,0 / 5,0 / 5,25.42378801075459,25.78278190851546,-0.35899389776087176,0.7543197032468859,0.991981568796983,0 / 5,0 / 5,0 / 5,0 / 5,25.42378801075459,25.94946428829914,-0.5256762775445516,0.5344524702616418,0.8121075939774349,0 / 5,0 / 10,0 / 5,0 / 10,25.935141882884327,26.714033780192725,25.84379352559476,26.506861664334636,24.23731179162312,25.147393113392276,26.10462023259801,26.2655391185198,26.010652626043427,27.41195917639554,26.742327585005313,25.852075137910333,21.160357097560436,26.621521065073136,26.059995139636523
A2BH40,24.969228101363207,25.990824758347014,-1.0215966569838066,0.42905173275735653,0.7780711016328677,0 / 5,0 / 5,0 / 5,0 / 5,24.969228101363207,25.714051817098117,-0.7448237157349098,0.5269750822278914,0.991981568796983,0 / 5,0 / 5,0 / 5,0 / 5,24.969228101363207,25.852438287722567,-0.88321018635936,0.3170756708328538,0.8121075939774349,0 / 5,0 / 10,0 / 5,0 / 10,25.879985184263784,26.618691173815304,25.82297950424416,26.446169468483397,23.886944975499915,24.893134457659876,26.01409256179208,26.21357776747368,26.0432075327342,25.938987299454176,26.681099890800013,25.709513004956037,20.566905992822605,26.553809984146156,26.1014245858963
A2RSJ4,26.893495915555967,27.088618017882805,-0.19512210232683813,0.5574364736684296,0.7780711016328677,0 / 5,0 / 5,0 / 5,0 / 5,26.893495915555967,27.01291231973975,-0.11941640418378441,0.6383227439618955,0.991981568796983,0 / 5,0 / 5,0 / 5,0 / 5,26.893495915555967,27.050765168811278,-0.15726925325531127,0.5072868887006536,0.8121075939774349,0 / 5,0 / 10,0 / 5,0 / 10,26.998586747161937,27.420262090651807,27.195951682124825,27.358409687665414,26.18118236438477,26.564631493920096,27.193498085181705,27.211387777140484,27.11859612480788,26.805531257820046,27.464176035566183,27.10729029027503,26.111453799950727,27.16608182167079,27.078092007570937
A2RSQ0,25.737049079524827,26.26894374914814,-0.5318946696233127,0.45567254267535806,0.7780711016328677,0 / 5,0 / 5,0 / 5,0 / 5,25.737049079524827,25.99826831976218,-0.2612192402373523,0.6539936955268391,0.991981568796983,0 / 5,0 / 5,0 / 5,0 / 5,25.737049079524827,26.133606034455163,-0.39655695493033605,0.426967713630404,0.8121075939774349,0 / 5,0 / 10,0 / 5,0 / 10,26.136615259653823,26.801121973518782,26.03028835847309,26.608071938901233,24.59831856557497,25.255250614832413,26.2265092534431,26.348909220658705,26.26981858958277,26.050558485828105,26.872267189297347,26.12012285969789,23.663490459797867,26.724101796690903,26.315861176224743
A2RSX7,27.100834386466072,26.928041600283542,0.17279278618253002,0.6110728900984654,0.7780711016328677,0 / 5,0 / 5,0 / 5,0 / 5,27.100834386466072,26.076093283156172,1.0247411033098999,0.06515941952684279,0.991981568796983,0 / 5,0 / 5,0 / 5,0 / 5,27.100834386466072,26.502067441719856,0.5987669447462167,0.16045439330382213,0.8121075939774349,0 / 5,0 / 10,0 / 5,0 / 10,27.406053383866304,26.65341724869089,27.388921418991096,27.518366104022252,27.198088535078313,24.951686662147864,27.42500551922939,27.469321544582332,26.093176529030423,26.02166940559643,26.72751314559881,25.807806846903112,27.133077519615988,26.591867527467382,26.138874958708342
A2RT62,27.256766863289403,27.52461843529245,-0.2678515720030461,0.4057393553537676,0.7780711016328677,0 / 5,0 / 5,0 / 5,0 / 5,27.256766863289403,27.556218624398714,-0.29945176110931016,0.3400478268911719,0.991981568796983,0 / 5,0 / 5,0 / 5,0 / 5,27.256766863289403,27.540418529845578,-0.2836516665561746,0.20304282258445694,0.8121075939774349,0 / 5,0 / 10,0 / 5,0 / 10,26.67539739946463,27.482640191999405,27.663496190652385,27.79846868974406,27.24312512257142,27.6811139615898,27.619569910858218,27.46148686525727,27.34071523562004,27.74809245959544,27.851130809371124,27.52454692351111,26.44230585678466,27.584709187263016,27.571220810620236
A2TJV2,26.00295465665671,26.429998355805242,-0.427043699148534,0.48136105579302013,0.7780711016328677,0 / 5,0 / 5,0 / 5,0 / 5,26.00295465665671,26.213382733176786,-0.21042807652007767,0.6625011463536009,0.991981568796983,0 / 5,0 / 5,0 / 5,0 / 5,26.00295465665671,26.32169054449102,-0.31873588783431117,0.4466863723664577,0.8121075939774349,0 / 5,0 / 10,0 / 5,0 / 10,26.416211261184618,26.874918215057185,26.512748968048182,26.91500376416464,24.981847527672528,25.7848072368403,26.153182954380465,26.52322510376196,26.27380717320103,26.228726101731095,26.8653923386495,26.06966120359265,24.301649201822723,26.904608593885055,26.425889084201785
A3KFM7,29.723683174285345,29.7025017468802,0.02118142740514628,0.9841853236322429,0.9916145911012015,0 / 5,0 / 5,0 / 5,0 / 5,29.723683174285345,28.642997390303115,1.0806857839822293,0.2180212956479814,0.991981568796983,0 / 5,0 / 5,0 / 5,0 / 5,29.723683174285345,29.172749568591662,0.5509336056936824,0.49782946528213745,0.8121075939774349,0 / 5,0 / 10,0 / 5,0 / 10,28.85199977698587,28.993952660981456,29.340109890854325,29.39862124234837,32.65022213952486,28.56500580812805,28.91120643113521,29.166008743850792,29.44851193760237,28.891854820533194,28.505584071364193,27.372219607791955,32.56473360042408,29.19674111867969,28.4891397071389
A3KFX0,26.981027422821,27.211152714761237,-0.23012529194023656,0.3896166761669395,0.7780711016328677,0 / 5,0 / 5,0 / 5,0 / 5,26.981027422821,27.06132210392509,-0.080294681104089,0.6397189668039147,0.991981568796983,0 / 5,0 / 5,0 / 5,0 / 5,26.981027422821,27.13623740934316,-0.15520998652215923,0.4442305760239096,0.8121075939774349,0 / 5,0 / 10,0 / 5,0 / 10,27.018578521382945,27.38551591564906,27.26239279363541,27.328436424082103,26.33558410175436,26.587273291363452,27.00127514194906,27.17856059287041,27.017654028587273,26.78056891480893,27.64214966514519,27.32731478166495,26.77627811188196,27.513953298387165,27.111975624374363
A3KGF9,25.826983491134325,26.111098907476144,-0.2841154163418196,0.6818148828741625,0.7780711016328677,0 / 5,0 / 5,0 / 5,0 / 5,25.826983491134325,25.917328910255936,-0.09034541912161131,0.846097452772198,0.991981568796983,0 / 5,0 / 5,0 / 5,0 / 5,25.826983491134325,26.014213908866036,-0.1872304177317119,0.6983937808664854,0.8187327607194271,0 / 5,0 / 10,0 / 5,0 / 10,26.110110206862455,26.713367874077424,25.984042295190314,26.582903439614192,24.03178800417289,25.225956241097265,26.20060939061148,26.34343830537186,26.184162459255493,26.01865271764759,26.796587648637985,25.952065281973475,24.222641700935913,26.670312705120555,26.240418273763133
A3KMP2,27.464327635068592,27.584152425359566,-0.11982479029097348,0.5849937463726664,0.7780711016328677,0 / 5,0 / 5,0 / 5,0 / 5,27.464327635068592,27.552600410736822,-0.08827277566823,0.5456422401330354,0.991981568796983,0 / 5,0 / 5,0 / 5,0 / 5,27.464327635068592,27.568376418048196,-0.10404878297960352,0.4969066990771811,0.8121075939774349,0 / 5,0 / 10,0 / 5,0 / 10,27.45298302667861,27.773260102985205,27.512540565599835,27.708914166015695,26.961947511588985,27.524262244560067,27.486728325674505,27.529043654457748,27.571171337282827,27.67376449226973,27.724991625659143,27.39476392996266,26.999248164704436,27.931519232106737,27.760263976278747
A4FUP9,25.564481912583027,26.144002436335718,-0.5795205237526915,0.5039691477121018,0.7780711016328677,0 / 5,0 / 5,0 / 5,0 / 5,25.564481912583027,25.856092842944822,-0.2916109303617951,0.685501121754593,0.991981568796983,0 / 5,0 / 5,0 / 5,0 / 5,25.564481912583027,26.000047639640268,-0.4355657270572415,0.4675498011525534,0.8121075939774349,0 / 5,0 / 10,0 / 5,0 / 10,26.03547558037825,26.752592757818963,25.990656875062193,26.560148672949396,24.20737900090612,25.11453330908192,26.22190837352768,26.309845566599435,26.150687105729013,26.08162762321271,26.789714722006195,25.860011215435623,22.9232493128471,26.660480134347875,26.164575709415367
A6H5Y3,26.988192010342438,27.133633333887037,-0.14544132354459904,0.5628219946500885,0.7780711016328677,0 / 5,0 / 5,0 / 5,0 / 5,26.988192010342438,27.064161941064583,-0.0759699307221453,0.6169549393409197,0.991981568796983,0 / 5,0 / 5,0 / 5,0 / 5,26.988192010342438,27.09889763747581,-0.11070562713337395,0.5256651305206254,0.8121075939774349,0 / 5,0 / 10,0 / 5,0 / 10,27.031066966973626,27.503906682325713,27.10369260976958,27.203421198888343,26.35650549877975,26.849962668558337,27.027159804969703,27.190468753985535,27.017101777312593,27.198216014648377,27.26013831083911,27.19994450594398,26.481096066232126,27.357147423505086,27.150108143738443
A6H5Z3,27.03213722567411,27.202578948472016,-0.17044172279790715,0.3975625365793961,0.7780711016328677,0 / 5,0 / 5,0 / 5,0 / 5,27.03213722567411,27.122591979974324,-0.09045475430021455,0.5655905920091406,0.991981568796983,0 / 5,0 / 5,0 / 5,0 / 5,27.03213722567411,27.162585464223174,-0.1304482385490644,0.38626834188696035,0.8121075939774349,0 / 5,0 / 10,0 / 5,0 / 10,27.08833238378156,27.47513576806128,27.16617201528595,27.41988054489125,26.663266166511203,26.887644503360043,27.049039318880784,27.101027327168,27.1165154889011,26.905961969161226,27.421547191207143,27.000666547782377,26.697471911655732,27.35191828941247,27.44196134454214
A6H611,26.994774679850842,27.10102637702945,-0.10625169717860672,0.6786152376619057,0.7780711016328677,0 / 5,0 / 5,0 / 5,0 / 5,26.994774679850842,27.016931433607283,-0.022156753756441105,0.9352798208988189,0.991981568796983,0 / 5,0 / 5,0 / 5,0 / 5,26.994774679850842,27.058978905318366,-0.06420422546752391,0.7645945119771945,0.8370418366053127,0 / 5,0 / 10,0 / 5,0 / 10,27.32711396127308,27.341394134722183,27.01267019034904,27.25283583573249,26.51055080222561,26.40223003653032,27.208943484221507,27.09326955827171,26.9746529458065,26.89340200171,27.388385232134695,27.157255648800476,26.291578116317147,27.17153215779304,27.53784834655009
A6H630,28.986991003180737,29.01227069381165,-0.02527969063091362,0.7932701627030708,0.8549689531355319,0 / 5,0 / 5,0 / 5,0 / 5,28.986991003180737,29.095914517130687,-0.10892351394995003,0.21562688695391194,0.991981568796983,0 / 5,0 / 5,0 / 5,0 / 5,28.986991003180737,29.05409260547117,-0.06710160229043183,0.4063895952029971,0.8121075939774349,0 / 5,0 / 10,0 / 5,0 / 10,29.066909283085245,28.95727629829162,28.923967841316276,28.80448573602503,28.828851003938883,29.28787012036904,28.989328603895313,28.89554104868806,29.151780533430273,29.118000174361818,29.151771006330307,29.080578285849334,28.9562312185363,29.22791411180939,29.035375804688517
A6H6A9,26.75705265231007,26.98645651483293,-0.2294038625228616,0.3877857679799558,0.7780711016328677,0 / 5,0 / 5,0 / 5,0 / 5,26.75705265231007,26.87800880478822,-0.12095615247815061,0.5368721350170904,0.991981568796983,0 / 5,0 / 5,0 / 5,0 / 5,26.75705265231007,26.932232659810573,-0.17518000750050433,0.35226557076023735,0.8121075939774349,0 / 5,0 / 10,0 / 5,0 / 10,26.934184616923492,27.258943563602124,26.805156150249935,27.122407880713805,26.25434190578697,26.62249766102836,26.820134182468458,27.091353848857995,26.877436301391192,26.780856723901604,27.08574142431013,27.122309373711907,26.127679857542994,27.241901831607436,26.962644537559704
A6H8H2,24.432586042565994,25.952225165412113,-1.5196391228461188,0.40035535993514937,0.7780711016328677,0 / 5,0 / 5,0 / 5,0 / 5,24.432586042565994,25.931363682550234,-1.4987776399842403,0.39643807107326523,0.991981568796983,0 / 5,0 / 5,0 / 5,0 / 5,24.432586042565994,25.94179442398117,-1.5092083814151778,0.2298200244118893,0.8121075939774349,0 / 5,0 / 10,0 / 5,0 / 10,25.869795864868554,26.60678780159493,25.7674588104092,26.425251582131946,23.74779796848287,24.80746947809423,25.990502154038836,26.203277539544732,25.98689480339999,25.903722478930252,26.659688813317313,25.661473488044972,17.97365813286038,26.54357370412071,27.433521832802768
A6X919,27.14315844765242,27.442491600492435,-0.2993331528400134,0.6067088194454375,0.7780711016328677,0 / 5,0 / 5,0 / 5,0 / 5,27.14315844765242,26.699796137844988,0.4433623098074335,0.4455696957791918,0.991981568796983,0 / 5,0 / 5,0 / 5,0 / 5,27.14315844765242,27.071143869168708,0.07201457848371362,0.8798604461710197,0.8830864963133167,0 / 5,0 / 10,0 / 5,0 / 10,27.949525618843783,26.763182655039422,26.379340494836487,28.029646610123788,27.499402106469233,27.894705443627014,26.056690842027884,26.69235464151398,26.477972566782743,25.98191251565733,28.155267584854013,26.227727734323825,27.698016651609336,28.10225101458551,26.519234449654867
B0F2B4,26.61774678608436,26.953403692388076,-0.3356569063037149,0.40496217466844286,0.7780711016328677,0 / 5,0 / 5,0 / 5,0 / 5,26.61774678608436,26.8128569341723,-0.19511014808793803,0.5325869357707633,0.991981568796983,0 / 5,0 / 5,0 / 5,0 / 5,26.61774678608436,26.88313031328019,-0.26538352719583,0.33213916798910037,0.8121075939774349,0 / 5,0 / 10,0 / 5,0 / 10,26.683397975776007,27.218146865921533,26.90424583687718,27.22002614320823,25.98719555904512,26.782601199255616,26.707572648137752,27.182705072818592,26.672957606218656,26.97555991318056,27.198732412229997,26.779587429559136,25.502177250119257,27.180238551925143,26.924892598950915
B0V2N1,27.34198841155479,27.484457080132273,-0.1424686685774823,0.5550485723918721,0.7780711016328677,0 / 5,0 / 5,0 / 5,0 / 5,27.34198841155479,27.377955693664052,-0.03596728210926159,0.8485042448442823,0.991981568796983,0 / 5,0 / 5,0 / 5,0 / 5,27.34198841155479,27.43120638689816,-0.08921797534337017,0.5961518650463616,0.8121075939774349,0 / 5,0 / 10,0 / 5,0 / 10,27.55322717322451,27.76309891325989,27.367694258119325,27.65005848794848,26.90488002375038,27.26196257207584,27.20413686887936,27.51143108298451,27.28421428138684,27.57721369520976,27.731091625430597,27.37873242734075,26.72530583251184,27.511783755235985,27.59717492939749
B1AR13,27.79733053965928,27.898282250057996,-0.10095171039871431,0.6334492870794843,0.7780711016328677,0 / 5,0 / 5,0 / 5,0 / 5,27.79733053965928,27.926841535295345,-0.12951099563606405,0.4447881386318131,0.991981568796983,0 / 5,0 / 5,0 / 5,0 / 5,27.79733053965928,27.91256189267667,-0.11523135301738918,0.4506477991212212,0.8121075939774349,0 / 5,0 / 10,0 / 5,0 / 10,27.81425021475249,28.167320622752666,28.079941733756208,28.31215399979321,27.37545600748265,27.865269015745707,27.65406471973445,27.778453409881145,27.96829837178557,27.7416141383549,28.086727216796856,28.062652557966587,27.46456962566136,28.083453993376672,27.65804599722266
B1AVZ0,27.314072744611433,27.41017636418497,-0.09610361957353675,0.722462320745906,0.7963505126403737,0 / 5,0 / 5,0 / 5,0 / 5,27.314072744611433,27.415125412052426,-0.1010526674409924,0.6254851489797274,0.991981568796983,0 / 5,0 / 5,0 / 5,0 / 5,27.314072744611433,27.412650888118698,-0.09857814350726457,0.6025485388686511,0.8121075939774349,0 / 5,0 / 10,0 / 5,0 / 10,27.45792158501016,27.43961068392385,27.28223960537603,27.578370103830864,26.750136481186225,27.335702427683227,27.3748802392615,27.376049045128426,27.285661165287294,27.566874246815058,27.626917146049653,27.500282881273527,26.592317548139583,27.858168464636684,27.671740980642035
B1AXP6,27.90426091906314,27.748007832445317,0.15625308661782356,0.4975263232824201,0.7780711016328677,0 / 5,0 / 5,0 / 5,0 / 5,27.90426091906314,27.654337493913708,0.2499234251494329,0.2920212571343233,0.991981568796983,0 / 5,0 / 5,0 / 5,0 / 5,27.90426091906314,27.701172663179513,0.20308825588362822,0.33299086174652603,0.8121075939774349,0 / 5,0 / 10,0 / 5,0 / 10,27.991596025709914,28.071862678854444,27.962344168292663,28.128975619550616,27.51407853811587,27.95211332582999,27.957120169946016,27.31554470434521,27.11777413681605,27.91631827176774,27.495849784620447,28.010145065577714,27.52729450834144,28.34270345629063,27.229310773052124
B1AXV0,26.915057427414744,27.089108756503855,-0.17405132908911014,0.5020350496806387,0.7780711016328677,0 / 5,0 / 5,0 / 5,0 / 5,26.915057427414744,26.88530241064749,0.029755016767254006,0.8719277771456985,0.991981568796983,0 / 5,0 / 5,0 / 5,0 / 5,26.915057427414744,26.987205583575673,-0.07214815616092807,0.7076047369943084,0.8187327607194271,0 / 5,0 / 10,0 / 5,0 / 10,26.947812076021897,27.359779835343907,26.95435426473861,27.2897074604126,26.306797170397623,26.50959639795404,26.969745836588313,27.15359515271656,27.009444092534167,26.98696113386641,27.344470993751735,26.861818063729913,26.381060630184525,27.280900630309446,27.09129923428072
B1AY13,27.163911734532427,27.324307725699676,-0.160395991167249,0.43645976033682976,0.7780711016328677,0 / 5,0 / 5,0 / 5,0 / 5,27.163911734532427,27.309426114197315,-0.14551437966488834,0.3878812671194206,0.991981568796983,0 / 5,0 / 5,0 / 5,0 / 5,27.163911734532427,27.316866919948495,-0.15295518541606867,0.29828345527857886,0.8121075939774349,0 / 5,0 / 10,0 / 5,0 / 10,27.12580648937742,27.497502483957796,27.322422464369193,27.431683271276302,26.797782768177825,27.167407228964457,27.476412562087397,27.447209045054123,27.318993314139988,27.1096871394816,27.49533135961773,27.18404244671234,26.675969210439423,27.38371297169091,27.554265116800615
B1AZI6,25.769809200109545,26.28904231848344,-0.5192331183738936,0.4645724791348721,0.7780711016328677,0 / 5,0 / 5,0 / 5,0 / 5,25.769809200109545,25.95328614735805,-0.18347694724850427,0.7508837767849144,0.991981568796983,0 / 5,0 / 5,0 / 5,0 / 5,25.769809200109545,26.121164232920744,-0.35135503281119895,0.4751135074493862,0.8121075939774349,0 / 5,0 / 10,0 / 5,0 / 10,26.121596943583228,26.807105651758015,26.086744229543616,26.67770298416679,24.671032399518538,25.34940959018267,26.22997780538589,26.439640152743305,26.098659879252622,26.161063302700015,26.84577764026515,26.049881632601497,23.658704964711827,26.681655748132197,26.18173540520984
B2RPU2,26.306027977590286,26.75809392113282,-0.45206594354253227,0.14173606448749498,0.7780711016328677,0 / 5,0 / 5,0 / 5,0 / 5,26.306027977590286,26.275177367195887,0.03085061039439907,0.9125295331668062,0.991981568796983,0 / 5,0 / 5,0 / 5,0 / 5,26.306027977590286,26.516635644164353,-0.2106076665740666,0.388631662520187,0.8121075939774349,0 / 5,0 / 10,0 / 5,0 / 10,26.56977730861776,26.97635852588487,26.188214326560313,26.542698573398116,26.26477552251224,25.873887404028228,26.610195611671845,26.69912366584278,26.597319736639925,26.47141215717013,26.896039753416023,26.29294660846464,25.33605623709361,26.954172138008193,26.423518760286317
B2RQC6,29.20399932153855,29.29595133883124,-0.09195201729269087,0.35859357777844575,0.7780711016328677,0 / 5,0 / 5,0 / 5,0 / 5,29.20399932153855,29.371214654513487,-0.16721533297493707,0.12951188973435138,0.991981568796983,0 / 5,0 / 5,0 / 5,0 / 5,29.20399932153855,29.33358299667237,-0.1295836751338193,0.10329757183493643,0.8121075939774349,0 / 5,0 / 10,0 / 5,0 / 10,29.19930639828268,29.32895489596874,29.506899168978205,29.36613160017974,29.267280220370026,29.248419506778863,29.272785835597293,29.361482561227355,29.368157735118213,28.873432404525225,29.35696761562541,29.29191035412509,29.308340369107817,29.165071400964703,29.440686507567072
B2RQR8;P0DPD9,25.86031004701212,26.206145128092807,-0.3458350810806863,0.7122812857498533,0.7941526979050088,0 / 5,0 / 5,0 / 5,0 / 5,25.86031004701212,26.18666103109544,-0.3263509840833194,0.6651094668281037,0.991981568796983,0 / 5,0 / 5,0 / 5,0 / 5,25.86031004701212,26.196403079594127,-0.3360930325820064,0.6098661353102899,0.8121075939774349,0 / 5,0 / 10,0 / 5,0 / 10,27.406053383866304,27.561144173660427,25.845110513946835,26.438174138030934,23.938762624258953,27.270246885912897,26.067639143368435,26.263482806994645,26.021274730172003,26.02531576795211,26.696702544389385,25.75297656795833,23.36436780184282,26.57063349116061,26.043696457487144
B2RR83,25.8860720367662,26.307650427299745,-0.4215783905335435,0.4909775961533498,0.7780711016328677,0 / 5,0 / 5,0 / 5,0 / 5,25.8860720367662,26.091463622838592,-0.20539158607239116,0.6724587804178404,0.991981568796983,0 / 5,0 / 5,0 / 5,0 / 5,25.8860720367662,26.19955702506917,-0.31348498830296734,0.46500046812557316,0.8121075939774349,0 / 5,0 / 10,0 / 5,0 / 10,26.110329289462346,26.78539237818442,26.317787359579853,26.714039104834782,24.78171208497601,25.43044679010097,26.356648657960747,26.426599630149237,26.23615661538615,26.044198922040223,26.850959668028697,26.126478115371334,24.2051442095329,26.693588375160353,26.346449233754655
B2RSH2,30.712543265576375,30.55905278754414,0.1534904780322357,0.19647776751038984,0.7780711016328677,0 / 5,0 / 5,0 / 5,0 / 5,30.712543265576375,30.699433448259725,0.013109817316649952,0.9083873149426795,0.991981568796983,0 / 5,0 / 5,0 / 5,0 / 5,30.712543265576375,30.629243117901932,0.08330014767444283,0.4027884623866954,0.8121075939774349,0 / 5,0 / 10,0 / 5,0 / 10,30.94497940270636,30.484367544140348,30.630420501937863,30.736666492233173,30.4194727834424,30.998614075676436,30.68939558013958,30.568349476618003,30.606503377271128,30.747318619348935,30.484215844004616,30.59157315804655,30.44435623345383,30.83885828951535,30.670056128366628
B2RUJ5,28.470348459460137,28.612467776707724,-0.14211931724758742,0.25722755105382217,0.7780711016328677,0 / 5,0 / 5,0 / 5,0 / 5,28.470348459460137,28.62700446399491,-0.15665600453477424,0.24098377414647315,0.991981568796983,0 / 5,0 / 5,0 / 5,0 / 5,28.470348459460137,28.619736120351313,-0.1493876608911755,0.17703362540417603,0.8121075939774349,0 / 5,0 / 10,0 / 5,0 / 10,28.56462304923887,28.824127238874915,28.62609939710095,28.370396711499275,28.345086002622065,28.77159634637533,28.373908371091744,28.747504083485932,28.24304997306565,28.708456063104823,28.449542132362858,28.799402510113325,28.334358102365993,28.69607942619285,28.694874093319303
B2RUR8,27.446049195917464,27.584391012170187,-0.1383418162527228,0.4114098659161991,0.7780711016328677,0 / 5,0 / 5,0 / 5,0 / 5,27.446049195917464,27.53325247940657,-0.08720328348910655,0.5540299328757301,0.991981568796983,0 / 5,0 / 5,0 / 5,0 / 5,27.446049195917464,27.55882174578837,-0.11277254987090757,0.36621971834914857,0.8121075939774349,0 / 5,0 / 10,0 / 5,0 / 10,27.69475645649762,27.771183197762955,27.496934673654156,27.714492945470734,27.18464909649922,27.591219596164475,27.474325054262735,27.575442578121372,27.435403995956214,27.13565207875864,27.74019353603131,27.353042281729927,27.211019444597586,27.650486652436065,27.789661849528063
B2RXA1,25.086541245104808,26.018164815560123,-0.9316235704553151,0.43828751333291793,0.7780711016328677,0 / 5,0 / 5,0 / 5,0 / 5,25.086541245104808,25.72398394851864,-0.6374427034138321,0.5539945415007137,0.991981568796983,0 / 5,0 / 5,0 / 5,0 / 5,25.086541245104808,25.87107438203938,-0.7845331369345736,0.3397292957999164,0.8121075939774349,0 / 5,0 / 10,0 / 5,0 / 10,25.91639972478793,26.640563056300945,25.828660372073237,26.460163774957618,23.920024576756553,24.932504187675924,26.039923870921935,26.238291426897,26.020611545511017,25.95655422913415,26.700068932330424,25.76789046711556,21.05966462572241,26.59187608551572,26.07025317021744
B2RXC1,28.13842937839893,28.2219007155108,-0.08347133711187027,0.5761549319551006,0.7780711016328677,0 / 5,0 / 5,0 / 5,0 / 5,28.13842937839893,28.230346243110837,-0.09191686471190863,0.4152885484368828,0.991981568796983,0 / 5,0 / 5,0 / 5,0 / 5,28.13842937839893,28.226123479310814,-0.0876941009118859,0.45526570303012015,0.8121075939774349,0 / 5,0 / 10,0 / 5,0 / 10,28.23902584673474,28.498137250489854,28.15826811870024,28.15994827018595,27.753813598825538,28.08857012313621,27.899972775401302,28.367624068006457,28.037273980811847,28.15936813135371,28.156280705710262,28.49125062243788,28.233831868318926,28.333647954521883,28.376368370467976
B2RXR6,26.31435167669526,26.7141096592327,-0.3997579825374409,0.35393651673829707,0.7780711016328677,0 / 5,0 / 5,0 / 5,0 / 5,26.31435167669526,26.416278848552537,-0.10192717185727673,0.7505955489810896,0.991981568796983,0 / 5,0 / 5,0 / 5,0 / 5,26.31435167669526,26.56519425389262,-0.2508425771973606,0.40465149765510733,0.8121075939774349,0 / 5,0 / 10,0 / 5,0 / 10,26.407598836425684,27.12448491019888,26.293155536220016,26.82445411392317,25.61551435474286,26.191399557688623,26.60692455774575,26.924002457422908,26.361740397826313,26.577488543885508,26.953328993821454,26.65379894839056,25.15529233149617,26.95321757997742,26.581299802637172
B2RXS4,28.606461389965922,28.631451812603643,-0.02499042263772111,0.812551088301053,0.8661258853318917,0 / 5,0 / 5,0 / 5,0 / 5,28.606461389965922,28.63265336167919,-0.026191971713267037,0.82033053251943,0.991981568796983,0 / 5,0 / 5,0 / 5,0 / 5,28.606461389965922,28.63205258714142,-0.025591197175497626,0.7935459907684259,0.8370418366053127,0 / 5,0 / 10,0 / 5,0 / 10,28.57757390470946,28.875710238833484,28.554717227259204,28.58494653691221,28.35545714465644,28.600955607079005,28.42863962423724,28.72286976192272,28.32616510421823,28.73433743414928,28.565498418210705,28.808084757789185,28.706809449821424,28.637723499394852,28.87334411205033
B2RY04,27.393200893837303,27.514611927932936,-0.12141103409563314,0.6191921122119133,0.7780711016328677,0 / 5,0 / 5,0 / 5,0 / 5,27.393200893837303,27.48899729459015,-0.09579640075284601,0.6031797856843475,0.991981568796983,0 / 5,0 / 5,0 / 5,0 / 5,27.393200893837303,27.50180461126154,-0.1086037174242378,0.530369864217946,0.8121075939774349,0 / 5,0 / 10,0 / 5,0 / 10,27.51078126081884,27.74384358491601,27.68210580808699,27.845467609628837,26.824492418155337,27.302531930847113,27.467267050563724,27.66018618244615,27.39273053879734,27.259311192286056,27.70119010991721,27.393045995009473,26.88317735588907,27.64334734422996,27.674572200209827
B2RY56,27.167300653849487,27.339853765865733,-0.1725531120162458,0.48437929018619197,0.7780711016328677,0 / 5,0 / 5,0 / 5,0 / 5,27.167300653849487,27.287694100896186,-0.1203934470466983,0.5103709438152726,0.991981568796983,0 / 5,0 / 5,0 / 5,0 / 5,27.167300653849487,27.313773933380958,-0.14647327953147027,0.39386180089121825,0.8121075939774349,0 / 5,0 / 10,0 / 5,0 / 10,27.186760654844853,27.548986240214408,27.240905403362937,27.422409248380465,26.66614114567849,27.15895981898717,27.137776222035704,27.448233588673865,27.168015446417673,27.510417888594837,27.56792695736921,27.48108182744324,26.579139255391578,27.467980897392714,27.389508008269893
B7ZMP1,25.595654280174564,26.217590792371976,-0.6219365121974114,0.5041778443798914,0.7780711016328677,0 / 5,0 / 5,0 / 5,0 / 5,25.595654280174564,25.99014582945025,-0.39449154927568486,0.6359909705595097,0.991981568796983,0 / 5,0 / 5,0 / 5,0 / 5,25.595654280174564,26.10386831091111,-0.5082140307365464,0.42591868296208346,0.8121075939774349,0 / 5,0 / 10,0 / 5,0 / 10,26.24380377672295,26.70056166539733,26.15450178027204,26.63047778302517,24.5460949073266,25.35106227174812,26.183087152448213,26.397974965854196,26.15469797243764,26.439270509851003,26.777664177504946,25.914031796861128,22.481632178825492,26.665658245776804,26.376435325932327
B8ZXI1,25.52315861891613,26.35958401856995,-0.8364253996538196,0.3683012080559428,0.7780711016328677,0 / 5,0 / 5,0 / 5,0 / 5,25.52315861891613,25.854924388199578,-0.3317657692834466,0.6489565332994742,0.991981568796983,0 / 5,0 / 5,0 / 5,0 / 5,25.52315861891613,26.107254203384763,-0.5840955844686313,0.3605738815515297,0.8121075939774349,0 / 5,0 / 10,0 / 5,0 / 10,26.092797493599743,26.677473064403063,25.853494232615507,26.490009618843978,24.257989706081087,25.37698605215092,26.1143683154798,27.469321544582332,26.16044917693769,26.124002500125943,26.729294678039107,25.7247167254143,22.794615166531184,26.66384109974415,26.158975753879464
B9EHT4,25.779561382122978,26.27429871289754,-0.49473733077456217,0.494128426122035,0.7780711016328677,0 / 5,0 / 5,0 / 5,0 / 5,25.779561382122978,26.081508257157395,-0.3019468750344174,0.6110225473605131,0.991981568796983,0 / 5,0 / 5,0 / 5,0 / 5,25.779561382122978,26.177903485027468,-0.3983421029044898,0.4229915616730481,0.8121075939774349,0 / 5,0 / 10,0 / 5,0 / 10,26.2460170195414,26.771669475864496,26.21244436890891,26.646510926673965,24.652825495622185,25.557647262046935,26.322810616378227,26.34506398865704,26.186771270090045,26.08030856030202,26.857120401400294,26.03711576771776,23.602159787719284,26.744814202943708,26.413562617023327
B9EJ80,27.47287344157967,27.64608794952428,-0.17321450794461057,0.2792176882303371,0.7780711016328677,0 / 5,0 / 5,0 / 5,0 / 5,27.47287344157967,27.61927143193848,-0.1463979903588104,0.28794287784824507,0.991981568796983,0 / 5,0 / 5,0 / 5,0 / 5,27.47287344157967,27.63267969073138,-0.1598062491517105,0.1710979573589173,0.8121075939774349,0 / 5,0 / 10,0 / 5,0 / 10,27.57308796476803,27.723937361156896,27.81714086234376,27.70040611868199,27.253261159992185,27.554730612645276,27.6235521822574,27.724309874636088,27.648704952563143,27.39458732243744,27.7568917090534,27.43149219267494,27.072733619753475,27.772039642782833,27.644288539465265
B9EJ86,27.096146872110694,27.25508339916481,-0.15893652705411654,0.5235119390489362,0.7780711016328677,0 / 5,0 / 5,0 / 5,0 / 5,27.096146872110694,27.13079624902856,-0.03464937691786574,0.86469569914207,0.991981568796983,0 / 5,0 / 5,0 / 5,0 / 5,27.096146872110694,27.192939824096687,-0.09679295198599291,0.5837491091732397,0.8121075939774349,0 / 5,0 / 10,0 / 5,0 / 10,27.196680178450094,27.4340282454075,27.178334440038373,27.52289439348676,26.662030335666064,27.050007822914615,27.287689575411097,27.256437396411744,26.88596520139998,27.033713867365673,27.499329080847076,27.222690937224463,26.439756345839832,27.423591937491672,27.316982843565384
B9EJA2,25.628943132524654,26.25227033371899,-0.6233272011943356,0.41572554325275113,0.7780711016328677,0 / 5,0 / 5,0 / 5,0 / 5,25.628943132524654,26.02810378436244,-0.3991606518377857,0.5447022136848195,0.991981568796983,0 / 5,0 / 5,0 / 5,0 / 5,25.628943132524654,26.140187059040716,-0.5112439265160624,0.33440101281893486,0.8121075939774349,0 / 5,0 / 10,0 / 5,0 / 10,26.140228502307497,26.769766811044857,26.034177584266654,26.505281317430736,24.685380803117383,25.41772491331836,26.296498309134854,26.37286064832355,26.32637796461036,25.976768034754983,26.78839594557143,25.973485095096816,23.225939498995213,26.64494746053775,26.38875336452
B9EJI9,21.19424713684606,26.281163566503107,-5.086916429657048,0.3682109122360552,0.7780711016328677,0 / 5,0 / 5,0 / 5,0 / 5,21.19424713684606,26.427781820834344,-5.233534683988285,0.3540837601614455,0.991981568796983,0 / 5,0 / 5,0 / 5,0 / 5,21.19424713684606,26.35447269366872,-5.16022555682266,0.17925219329990363,0.8121075939774349,0 / 5,0 / 10,0 / 5,0 / 10,27.406053383866304,26.599540180536184,25.818186032888935,26.50634718203343,24.1259853510191,25.432232317433343,26.024976842608,27.469321544582332,27.426930075609512,26.033858275722572,26.66200311357317,27.372219607791955,0.0,26.548967642804744,26.089341070447972
B9EKI3,26.38306304894551,26.587132321091197,-0.20406927214568782,0.6096834497007734,0.7780711016328677,0 / 5,0 / 5,0 / 5,0 / 5,26.38306304894551,26.409463362946422,-0.026400314000913028,0.9290863153460645,0.991981568796983,0 / 5,0 / 5,0 / 5,0 / 5,26.38306304894551,26.498297842018808,-0.11523479307329865,0.6836038631213037,0.8187327607194271,0 / 5,0 / 10,0 / 5,0 / 10,26.52621137069565,26.99532195822133,26.52532061727516,26.838059104942445,25.51050377762835,25.97567104703646,26.621334716491077,26.56515192100097,26.62572749745858,26.571916956838855,27.02058232527759,26.341684965148435,25.357793095759504,26.844101623327724,26.57891268781348
B9EKR1,32.13057041180124,31.806759423759324,0.3238109880419131,0.04318737220179197,0.7780711016328677,0 / 5,0 / 5,0 / 5,0 / 5,32.13057041180124,32.11655513563064,0.01401527617059628,0.9051980700690863,0.991981568796983,0 / 5,0 / 5,0 / 5,0 / 5,32.13057041180124,31.961657279694982,0.1689131321062547,0.20184775076844227,0.8121075939774349,0 / 5,0 / 10,0 / 5,0 / 10,32.100530925034626,31.7188733726644,32.062901352110025,31.78472165345418,32.122863447131124,32.359541753512254,32.17608832431356,31.92827947599128,32.08104300477661,32.3325168715832,31.65047695969007,31.98908983489354,32.25899428462064,31.61330386331975,32.090199732860775
C0HK80;C0HK79,26.63628798436228,26.91266018535871,-0.27637220099643045,0.4043252414324121,0.7780711016328677,0 / 5,0 / 5,0 / 5,0 / 5,26.63628798436228,26.650457548447626,-0.014169564085346309,0.9526771642668503,0.991981568796983,0 / 5,0 / 5,0 / 5,0 / 5,26.63628798436228,26.78155886690317,-0.14527088254088838,0.5476450852975621,0.8121075939774349,0 / 5,0 / 10,0 / 5,0 / 10,26.703484693026493,27.189137654643115,26.71729775302107,27.15236021101865,25.962806797759104,26.221507386588204,26.763729588569365,27.040965386395214,26.89728612946813,26.65173966344135,27.26475326769321,26.69493702466653,25.910125765755545,27.1056378203029,26.7212594484942
C0HKD9;C0HKD8,26.015929207256658,26.350570906073113,-0.3346416988164549,0.5204119235126781,0.7780711016328677,0 / 5,0 / 5,0 / 5,0 / 5,26.015929207256658,26.03785960051686,-0.021930393260202408,0.9591386273489062,0.991981568796983,0 / 5,0 / 5,0 / 5,0 / 5,26.015929207256658,26.19421525329499,-0.17828604603833043,0.6304444285902826,0.8145577371629492,0 / 5,0 / 10,0 / 5,0 / 10,26.132757669516955,26.77082555677316,26.067958092560396,26.635565254952507,25.12655717691336,25.478298210323217,26.462738059177813,26.37412182567998,26.266408878024713,26.33875394295018,26.802417561842397,26.013691056899468,24.509831109685848,26.678932409156683,26.362941764776497
C0HKE9;C0HKE8;C0HKE7;C0HKE6;C0HKE5;C0HKE4;C0HKE3;C0HKE2;C0HKE1;Q8CGP6;Q8R1M2;Q8CGP7;Q8CGP5;Q8BFU2,26.104182108323347,26.82427385149051,-0.7200917431671634,0.5106678482786291,0.7780711016328677,0 / 5,0 / 5,0 / 5,0 / 5,26.104182108323347,25.95196213235451,0.15221997596883696,0.8790286530711106,0.991981568796983,0 / 5,0 / 5,0 / 5,0 / 5,26.104182108323347,26.388117991922506,-0.28393588359915967,0.7090056896951741,0.8187327607194271,0 / 5,0 / 10,0 / 5,0 / 10,25.999560296642816,26.85386422293325,25.91639851148491,26.522790617955756,25.97252419051308,25.622087896177295,26.37849321872977,26.30844010693382,26.152846701236953,28.819514624740236,28.344169239579177,25.868417374343935,22.800551783548155,26.64237149749322,26.200060178529444
C0HKG6;C0HKG5,25.791712819529813,26.140825585060618,-0.34911276553080484,0.6070975535544432,0.7780711016328677,0 / 5,0 / 5,0 / 5,0 / 5,25.791712819529813,25.87966160520453,-0.08794878567471542,0.8634179037360517,0.991981568796983,0 / 5,0 / 5,0 / 5,0 / 5,25.791712819529813,26.01024359513257,-0.21853077560275835,0.6463091966655627,0.8145577371629492,0 / 5,0 / 10,0 / 5,0 / 10,26.10779785370444,26.76110386570564,25.983172555492605,26.63187966767191,24.306189654264625,25.18195641392083,26.186321518171734,26.350086936880707,26.186469040926667,26.026850657796576,26.69580165462545,25.846387862580205,24.0057144003044,26.590945813826657,26.20032215310234
CON__ENSEMBL:ENSBTAP00000025008,26.814776756597166,27.111718169201556,-0.2969414126043901,0.2672626729135431,0.7780711016328677,0 / 5,0 / 5,0 / 5,0 / 5,26.814776756597166,26.737924905176317,0.07685185142084805,0.7143682788218424,0.991981568796983,0 / 5,0 / 5,0 / 5,0 / 5,26.814776756597166,26.924821537188933,-0.11004478059176748,0.584921113178431,0.8121075939774349,0 / 5,0 / 10,0 / 5,0 / 10,26.82061997095828,27.49214767072461,26.933457043209035,27.36689486375189,26.592717926549746,26.611297204913377,26.92328779050542,27.08391903127491,26.814336551825253,26.797340843775057,27.386429450563632,26.58653037425888,26.16574031399518,27.00337676689486,26.74400335167502
CON__O43790;CON__Q14533;CON__P78385,26.78531813750771,26.22855918712395,0.5567589503837596,0.47549937191568514,0.7780711016328677,0 / 5,0 / 5,0 / 5,0 / 5,26.78531813750771,26.967209746425038,-0.18189160891732925,0.68391511316097,0.991981568796983,0 / 5,0 / 5,0 / 5,0 / 5,26.78531813750771,26.597884466774495,0.18743367073321338,0.7434895050729458,0.8370418366053127,0 / 5,0 / 10,0 / 5,0 / 10,25.886767756399113,26.70338843115013,27.388921418991096,27.518366104022252,23.693766822043944,27.270246885912897,25.976420131105662,27.469321544582332,26.393182561924142,27.41195917639554,26.74515328756168,26.350176032494296,27.133077519615988,26.53116585028168,27.433521832802768
